video_id,title,fetched_date
n9gbhVOooG8,BALARABA Trailer ,2026-01-02
wHuWmjXsReU,Marvel Televisionâ€™s Wonder Man | Official Trailer,2026-01-02
15FqT2MGLbc,NEW MESSI 110 PACK OPENING + GAMEPLAY ðŸ”¥ THE HIGHEST RATED PLAYER IN EFOOTBALL ðŸ’€,2026-01-02
BFFxcrumV7s,January Celebrants 2026 | EmmaOMG ,2026-01-02
AdfaeHqbfwg,Korra Obidi: LAVA (Official Music Video),2026-01-02
GsizFf3UoEk,Amen (Live),2026-01-02
Crb5gudOABI,STEAL A BRAINROT GIVEAWAY LIVE | STEAL A BRAINROT FREE SECRETS + FREE BRAINROT GODS,2026-01-02
cxDGjdiPOcE,Prof BOF says 110 MESSI NEEDS TO GOðŸš«The Most Dangerous card in eFootball: Big Time MessiðŸ‘½,2026-01-02
zKqiEungOoM,"My FIRST Pack Opening in eFootball MOBILE ðŸ˜± 32,000 COINS FOR MESSI ðŸ”¥",2026-01-02
