video_id,title,view_count
YqdAEdkHrwo,Supergirl | Official Teaser Trailer,15656049
DWCl2dN6hpg,1 Pro vs 500 Hunters,11329617
e0Eo0D038rQ,Stranger Things 5 | Volume 2 Trailer | Netflix,10771553
Fv0leN8TmR8,The Boys - Final Season Teaser Trailer | Prime Video,8606041
MPuK06zUIhc,Pooh Shiesty - FDO [Official Music Video],7421502
UFe6NRgoXCM,Disclosure Day | Official Teaser,5870471
Ntp522Cad-s,REAL MADRID 0 - 2 CELTA | RESUMEN LALIGA EA SPORTS,4938209
eNUsFZRBJ8o,SIDEMEN AMONG US TOMAHAWK ROLE,3886264
HNnqJmlLR_w,I Explored the Minecraft Great Sea,3806135
PKkks2by-ps,SNOKONOKO,3054296
